0,1,2,Final_Marks
-6.18753,-9.433029,-9.97861,6
-6.085561,-9.971601,-9.235343,5
-7.338081,-10.2208,-9.330887,7
-7.259281,-9.126522,-11.74897,6
-5.6083593,-9.8054905,-9.789616,5
-6.4382367,-10.52515,-9.865244,5
-7.2223763,-9.0264225,-11.713082,4
-6.6060314,-10.261483,-10.427679,5
-5.266458,-9.855512,-9.455726,4
-6.574517,-10.194517,-10.229679,9
-7.6839027,-10.408285,-10.464955,6
-7.1898475,-8.964755,-11.707086,7
-7.192039,-8.978962,-11.693359,5
-5.178197,-9.833503,-9.3635845,4
-7.1903787,-10.214127,-9.027109,6
-7.0121584,-8.896019,-11.801808,3
-6.0201364,-10.973363,-9.59585,6
-6.097109,-10.352875,-9.836831,8
-4.7543783,-9.806705,-10.00951,4
-4.8454475,-9.824263,-10.553709,4
-6.1956687,-10.399396,-9.995986,7
-5.9407177,-10.144737,-10.3355465,7
-6.044343,-10.041113,-10.687749,5
-6.2736187,-10.361409,-9.772716,6
-6.986424,-10.076818,-10.876095,8
-6.6860423,-9.907982,-10.444977,6
-7.5136304,-9.413277,-11.810558,4
-6.6221395,-10.331123,-11.038394,8
-6.937945,-10.642319,-11.196283,5
-6.4461327,-9.643493,-9.711629,6
-6.7586064,-10.410251,-11.091318,6
-7.4142227,-10.291373,-9.486502,6
-6.406469,-9.840103,-9.982252,6
-5.6969533,-10.70665,-10.01712,7
-6.1693945,-10.258587,-9.356181,8
-6.540974,-10.5055895,-10.370253,6
-6.305448,-10.665602,-10.662625,3
-6.491263,-11.169634,-10.52459,5
-7.2656636,-10.605624,-11.145704,6
-6.361674,-10.078668,-9.567348,8
-7.318871,6.182563,-10.422446,5
-7.1344423,5.569113,-9.715657,6
-6.3424263,4.520338,-10.2826,8
-7.489399,6.162308,-10.471571,5
-7.69245,5.9802337,-10.463405,7
-5.8447413,4.3353972,-10.143454,9
-5.206071,4.14657,-10.019944,7
-6.9421945,5.7457066,-10.560871,5
-6.5735016,5.8253994,-10.957101,7
-6.501798,4.39155,-10.122929,6
-6.5193253,5.2745447,-10.2038355,6
-5.7015896,4.642082,-10.719494,6
-6.250913,4.6210985,-9.174954,6
-7.192444,5.5384893,-10.5728035,5
-7.9692054,6.607616,-11.322201,5
-8.052051,6.33571,-11.440454,5
-7.18807,5.4500065,-10.421181,5
-5.4827976,4.0596986,-10.113279,8
-6.9164658,4.694601,-11.025982,5
-5.7332315,4.443727,-10.103505,6
-6.9420147,5.7459617,-10.560548,6
-5.353786,4.0793405,-10.055769,6
-7.214966,5.5308867,-10.517529,5
-7.4448915,5.613938,-9.941882,8
-6.8960633,6.73021,-9.832301,8
-6.468245,5.2499514,-10.289738,5
-5.8690085,4.3469453,-9.368134,5
-5.028882,3.969198,-9.921867,4
-6.5191693,5.326327,-10.392583,5
-5.3406687,3.6831439,-10.148939,8
-6.6931634,5.7401466,-10.258344,6
-5.3697047,4.5534186,-10.903671,6
-6.6968637,6.2053576,-10.302416,7
-6.75474,5.757257,-9.768452,5
-5.2417784,4.601243,-11.074139,6
-7.2924824,5.1323624,-10.170367,6
-6.4833307,4.466203,-10.184294,5
-5.9237165,4.8101897,-10.01801,5
-6.511581,4.479031,-10.220859,8
-8.053822,6.0946794,-10.512154,6
8.034751,0.058092073,13.82271,7
7.3015184,-0.58473253,13.541134,6
7.922961,-0.64718837,12.021463,4
8.761622,0.43629137,11.811906,6
7.6548953,-1.1307498,13.631584,5
8.712605,0.03424213,13.00297,6
7.6402164,-0.6447955,11.968034,5
9.102716,-0.23702775,14.7552185,4
8.170212,-0.095014766,13.578327,8
7.516868,-0.27980646,12.393307,5
8.357346,-0.51538616,13.791958,6
7.8263144,-0.8071754,12.343954,6
7.288638,-0.42232418,12.644662,6
8.171452,-0.46908608,13.128032,6
6.715601,0.41490912,12.829155,7
7.9616265,-0.21090686,12.90008,6
7.8758926,-0.66185147,13.135672,5
7.022587,-1.0931333,12.0744295,3
8.383152,-1.413358,13.272637,6
9.102284,-0.20934935,14.742192,6
8.607274,-0.916409,12.450614,6
7.1976857,-0.6249587,11.655583,6
6.70374,0.47167695,12.8655815,5
9.090704,-0.1873186,14.72877,4
7.312888,-0.5222989,11.896122,5
8.025236,-0.28957543,13.55364,6
8.703054,-0.27884713,13.889948,5
7.772923,-1.1873186,11.923716,6
8.231023,-0.7395452,12.808462,5
7.53981,-0.7682246,12.72506,6
8.944561,-0.8179152,14.863543,4
8.488829,-0.52336067,13.442794,8
8.845668,0.38026696,13.496374,5
7.786224,-0.7554494,12.311515,5
7.8341837,-1.4285034,13.045339,5
8.993605,-0.7900295,13.022146,6
7.1619625,-2.0653229,12.940163,5
8.221665,-0.2936972,13.125289,5
8.114438,-0.66370463,13.370131,5
7.4376307,-0.9693915,12.458583,4
2.1933825,14.616203,-7.974798,8
1.5580634,13.888971,-7.730171,4
2.3035016,14.45101,-7.683801,6
3.059553,15.523078,-8.837203,5
2.1111841,14.235876,-8.432112,8
2.3078365,14.107326,-8.803598,7
1.9041995,13.013388,-9.694445,6
1.0840251,14.735049,-7.4896183,5
1.7785598,14.481601,-9.044447,5
1.9361131,13.894624,-8.191837,5
3.152368,15.2766075,-8.393955,6
1.4732006,13.707121,-8.876381,7
1.2377557,14.607584,-8.185304,8
2.2940607,14.508372,-6.3427224,6
1.5327787,13.509834,-8.355188,6
1.8897693,14.852618,-8.362,5
2.3793974,13.817081,-8.755603,6
2.288986,14.352877,-8.179175,4
1.7079204,15.051158,-7.37307,6
2.9319956,13.945804,-8.111693,8
1.4323132,14.100436,-8.78159,5
1.5694963,14.089579,-9.334237,7
2.0088234,13.218401,-8.323049,6
3.7141905,14.19456,-7.9073596,6
1.7823186,13.76153,-7.995951,5
1.1525824,13.999715,-8.127417,6
2.2561057,14.424373,-7.704335,4
1.5935302,14.360223,-8.600466,6
1.0265987,14.968214,-8.259144,5
0.54241353,13.189578,-8.067759,5
2.2557857,14.732717,-7.467053,4
2.2495189,14.077147,-7.092816,6
1.959454,14.314433,-8.525328,7
0.35846314,13.257702,-8.044088,6
1.7831297,14.3415575,-7.391677,5
2.4117339,12.636818,-7.4576254,3
1.7507002,14.196084,-8.106773,6
2.0978649,13.827398,-7.8901396,4
2.0799026,13.705855,-8.69628,5
1.4691049,14.265115,1.8276671,6
3.4835413,15.116859,1.5418063,6
2.130663,15.053976,1.3330662,7
1.5132118,15.573244,1.8351152,5
1.6513258,15.490156,1.3042989,5
2.0266142,14.385398,1.6444955,6
2.274938,14.954155,1.1645792,8
1.5571562,12.98192,2.328425,5
1.6265769,15.665088,1.0228298,6
1.6691297,15.396744,1.3529968,6
2.3168354,13.60419,2.1741936,6
2.4676824,14.756781,3.1675894,5
1.5182511,16.160145,1.4226652,5
1.8772104,14.360588,1.8574263,5
1.4885893,14.733021,1.3861538,5
1.8997965,14.736161,0.95634717,6
1.5290635,15.518947,1.754034,6
1.0096412,16.163702,1.8152063,6
2.3446262,15.108386,1.9481442,6
1.4619144,13.1136675,2.192076,4
1.0381036,15.687272,0.24858534,6
1.4238204,15.698493,1.273857,6
2.3903317,13.963025,1.7298584,6
1.8526472,13.666157,1.0683883,6
1.6670682,16.059603,1.871009,5
1.216033,14.989146,1.3582428,5
2.1726398,13.936755,1.9825041,6
1.9235753,16.010908,1.1847237,7
1.8377523,14.582445,2.2866802,5
1.8698127,14.350816,1.9875724,5
0.5383719,15.283145,2.4111595,6
1.1002724,15.573552,1.3378125,6
1.9253155,15.543709,1.8608493,6
2.3508472,14.978918,1.6923592,7
1.7776301,13.242506,1.1958057,5
1.7223827,14.601437,1.8382596,5
0.34778327,14.979684,2.7795918,4
1.9046804,13.619323,0.30456758,7
1.0600593,14.972367,1.6565591,5
1.7840781,14.399792,1.8727595,5
7.2432656,-0.2628247,-2.922142,7
6.696595,1.6487805,-5.835357,6
7.1614957,2.0246449,-4.4995775,6
7.022662,0.5548228,-3.473427,8
7.2540765,2.3286667,-5.2959085,6
6.8124948,1.7142076,-4.9165425,6
7.11837,1.9618505,-4.3938856,7
7.378733,2.435914,-4.510564,8
7.1366577,2.0341,-4.4670777,6
6.499239,0.74401855,-2.9080477,6
5.881098,1.1988047,-3.8767204,5
6.7111325,1.1102381,-4.1567497,6
6.2765026,2.5569177,-4.4087896,6
7.156021,1.7014899,-3.8177638,9
7.1541276,1.2738742,-3.912863,8
7.1440578,1.1939254,-3.4106448,7
6.9168706,2.6542597,-5.2191978,6
6.9047537,1.5770414,-3.9317186,8
7.094581,3.1483264,-3.7061665,9
6.590198,0.70238745,-4.817499,6
6.519754,0.27822745,-3.2808912,5
7.0930963,3.1636627,-3.7132845,7
7.9928126,2.9688148,-4.912364,6
7.1535864,1.8105347,-4.265339,6
7.5697746,1.9510345,-4.3280725,6
6.8964567,2.0952663,-4.7006254,6
6.682772,1.3432776,-5.263299,6
8.267628,1.9843642,-5.079022,5
6.920557,0.5898727,-3.5811014,6
7.500541,1.5162973,-4.8308725,6
7.1661115,1.6659213,-3.832216,9
7.260093,2.3996782,-4.9588747,6
6.703338,1.6111667,-4.5453215,5
6.476281,1.9020742,-3.722083,8
6.997151,0.19776875,-3.2541523,6
6.87835,0.96945983,-3.6752548,6
6.84663,0.21615084,-3.4884112,6
7.3593345,2.12006,-4.289022,9
6.163122,1.9571286,-3.7207186,5
7.122932,-0.08339166,-3.1254635,6
-3.2906837,-16.324877,-0.48906156,6
-2.1076286,-14.683984,-1.0122262,7
-1.8910061,-16.948828,-0.56400716,4
-2.3733692,-15.553524,-0.5164221,6
-0.87317854,-15.207905,-0.15964627,8
-2.3790996,-15.579532,-0.49605644,7
-2.3399472,-15.607407,-0.12659,6
-2.4616327,-15.232025,-0.06058513,7
-1.6577888,-15.173907,-0.4637953,10
-1.7923528,-15.265093,-0.44000083,7
-3.5312054,-16.520775,0.4055498,3
-1.2701474,-15.94528,-0.3678466,6
-1.7591279,-15.1400795,-0.49394515,5
-2.768686,-16.853045,0.28192067,7
-1.4944127,-15.359312,0.17101055,10
-2.8229132,-16.625624,-0.05206432,7
-1.76162,-15.121859,0.23858751,5
-1.3598402,-16.077642,-0.3085827,6
-1.6469622,-15.539259,0.2202568,7
-2.7420244,-17.374352,0.50959975,3
-1.4944127,-15.359312,0.17101055,10
-2.0390835,-16.06558,0.38467354,6
-2.259989,-16.250303,0.32561895,7
-1.1973969,-15.369169,0.041873824,9
-3.266816,-17.292183,0.67173886,4
-1.8747652,-15.933518,0.29235286,9
-1.5314795,-14.775732,0.2478678,6
-2.720262,-16.437498,-0.14020705,7
-0.97306347,-16.011616,-0.01963185,6
-3.156547,-16.924131,0.7894441,2
-1.5924438,-15.451411,0.1780208,7
-2.3910735,-15.534386,0.88344926,7
-3.0054414,-16.841309,-0.031460073,7
-1.9106784,-16.426142,0.39757246,9
-2.6253843,-16.783358,-0.5077663,5
-2.0487475,-16.106703,0.80836695,6
-0.873444,-15.1360235,0.87503827,5
-3.1459758,-17.26473,0.092694364,7
-7.672058,9.920659,2.746049,8
-7.694743,9.692177,2.1591475,5
-8.523454,10.811511,2.3828592,6
-7.8944016,9.671081,3.0207343,5
-8.698621,10.63497,1.1418042,6
-7.3189726,9.682875,3.3243055,5
-8.615841,10.59458,0.77275413,8
-8.7059555,10.400529,0.9332776,5
-8.502137,9.954158,1.7904712,5
-7.459505,9.988418,2.3019092,10
-8.414386,10.788336,2.6923895,7
-8.116169,10.109419,1.3685449,7
-8.015315,10.418463,1.0317447,6
-8.492032,9.779645,3.3334472,5
-8.416016,10.393138,0.5655974,6
-8.665921,9.073364,0.33542606,2
-7.2617574,10.623245,0.9990559,7
-8.002707,9.921359,1.5445992,7
-6.4484706,10.306223,1.5603244,4
-7.494903,9.742317,3.015396,9
-7.556049,9.929297,2.3096259,9
-8.273477,10.445428,2.0897977,6
-7.5254254,9.872041,2.3047569,7
-8.285393,10.376013,1.1165742,8
-7.4686184,10.756766,3.5644803,5
-8.210555,10.111936,0.8253745,9
-7.7062593,9.500291,2.110577,5
-7.8754673,12.111402,1.0659666,2
-8.416016,10.393138,0.5655974,9
-8.16025,10.18983,1.4667889,8
-7.684797,10.1233835,1.3426895,8
-7.176812,10.268371,3.406262,5
-8.530843,9.011739,0.5276528,3
-7.4408803,9.7978,2.362897,7
-8.686654,10.121349,1.0502527,4
-6.803969,9.090387,2.9797437,5
-7.3984447,9.917269,2.4747992,9
-7.708454,10.067473,1.3139132,7
-7.9124017,9.430339,2.5145843,5
-7.3179803,9.605009,3.23817,5
-2.8882172,9.6760025,11.843929,6
-3.149361,9.737719,10.744415,7
-3.9060774,8.85407,10.098289,7
-2.697196,8.706869,10.784285,4
-3.3697436,8.707291,11.300325,5
-3.145287,9.739356,10.711456,10
-3.4155133,9.621689,10.513119,9
-3.704126,9.8651905,10.80678,6
-2.7319145,9.752055,11.435938,6
-2.752701,9.005686,10.540021,6
-4.491645,10.412504,11.444117,2
-3.5667527,8.936644,10.851344,5
-3.9642434,7.2504444,11.414969,8
-3.2358057,8.90531,11.220449,7
-3.9657276,7.2506466,11.415855,6
-3.0238595,9.45782,11.024727,7
-4.0554433,9.136222,11.356715,5
-3.2635896,10.744422,10.583193,3
-4.0181446,9.540762,11.742316,6
-3.2558095,8.991899,11.908477,5
-2.697196,8.706869,10.784285,5
-3.15412,10.18519,11.6506605,4
-3.5398877,9.30464,10.6401,8
-3.786447,9.306936,11.187802,8
-3.15412,10.18519,11.6506605,5
-3.2558095,8.991899,11.908477,5
-7.8754673,12.111402,1.0659666,3
-3.704126,9.8651905,10.80678,6
-3.15412,10.18519,11.6506605,5
-7.8751254,12.103634,1.0657723,3
-2.8040369,9.103203,10.386113,7
-3.75656,9.606676,11.099293,6
-3.7666364,9.139577,11.035185,7
-3.778582,9.576944,10.854482,5
-3.0238595,9.45782,11.024727,8
-3.2419899,10.021489,11.866719,7
-7.8751254,12.103634,1.0657723,3
-8.412239,3.4256332,13.67504,6
-8.119146,3.2616608,13.779704,6
-9.979097,2.1650877,14.300672,5
-10.412763,1.965466,14.715014,5
-10.301992,0.90750724,14.436418,6
-7.981311,1.8804955,14.660358,6
-10.217657,0.8901019,14.449705,5
-10.011251,1.5523431,15.613099,5
-9.979097,2.1650877,14.300672,5
-10.701359,2.08305,14.430221,6
-7.897781,1.7050941,14.505911,9
-10.133583,1.8638041,14.8493595,5
-8.154677,2.0184774,14.835793,5
-10.419882,1.0244428,14.052218,5
-10.643182,2.0500388,14.492579,6
-7.866391,1.6976993,14.465878,7
-9.891878,2.2406764,14.665455,5
-10.326345,1.8954422,14.808984,4
-8.155489,2.0475228,14.797194,5
-10.298448,1.0509639,13.9655075,5
-8.421906,3.4308875,13.671976,8
-7.895328,1.6897906,14.52586,6
-10.530184,2.1700487,14.033644,5
-9.9339,1.8155566,14.835196,5
-10.0237,1.0288401,14.015938,6
-10.020332,2.2061937,14.534908,5
-7.936051,1.6366159,14.671064,6
-9.991326,0.91772157,14.301076,6
-10.498759,1.0014651,14.170667,6
-8.163457,2.018946,14.86152,6
-9.991326,0.91772157,14.301076,6
-9.979097,2.1650877,14.300672,6
-10.120935,0.89867616,14.444804,7
-7.9100313,1.7056413,14.524057,7
-7.8663917,1.6976998,14.4658785,8
-8.163456,2.0189455,14.86152,6
-7.2514615,1.1974359,14.526414,4
-10.0237,1.0288401,14.015938,6
-9.979097,2.1650877,14.300672,5
-14.954374,3.386289,-3.0639904,6
-14.882709,4.2368727,-4.8846083,6
-14.704406,4.3888535,-4.446209,6
-16.880707,3.4603527,-5.0449357,9
-17.129995,3.2370408,-4.898547,9
-17.085947,3.742119,-4.8425374,6
-14.954374,3.386289,-3.0639904,5
-14.704406,4.3888535,-4.446209,7
-16.912224,3.4449651,-5.005103,10
-15.090188,4.9586606,-4.4737744,6
-15.317874,4.726381,-4.1430387,6
-15.486807,4.837764,-4.6054616,5
-15.431037,4.866866,-5.0323253,5
-15.250968,4.215486,-4.411208,5
-14.951941,3.3905892,-3.066594,5
-14.364971,4.315019,-4.755646,5
-15.451079,4.301603,-4.1306314,6
-15.459112,4.8287425,-4.5330467,6
-17.095781,3.785893,-4.847032,6
-17.11086,3.2536407,-4.9097314,8
-17.03509,3.3285415,-4.953757,6
-17.232893,3.589268,-4.7504444,6
-14.954374,3.386289,-3.0639904,6
-14.883403,4.2381597,-4.8857307,6
-14.576794,4.5621095,-4.951057,4
-15.196798,4.933542,-4.2999425,5
-17.254145,3.2597654,-5.678837,3
-16.996702,3.3349442,-5.004926,9
-14.954374,3.386289,-3.0639904,7
-15.039002,4.066745,-4.5450997,5
-14.362598,4.4210086,-4.5190845,5
-16.872372,3.9063985,-4.96138,6
-17.117008,3.252696,-4.9079037,7
-15.132775,4.8990297,-4.431646,6
-16.588732,3.20358,-4.6965594,7
-15.441022,4.2914753,-4.172944,5
-14.924353,4.136369,-4.7972536,5
-14.960441,3.3819683,-3.0562415,6
-0.7910419,-4.116113,16.619606,8
-0.9786674,-4.0794244,16.747107,6
-0.8819768,-4.1113024,16.814331,6
-0.5440925,-4.496185,17.038462,7
-1.1039412,-3.6484122,17.454931,6
-0.47358742,-3.7151997,17.80597,9
-1.1569167,-4.829623,17.060678,7
-1.4164381,-4.4412794,16.695055,6
-1.4827671,-4.3792834,16.584427,6
-0.3215392,-4.1369424,17.586813,8
-0.37121287,-3.9401922,17.568687,10
0.84449327,-3.9208877,15.290285,4
0.70184857,-4.0938563,15.178275,5
0.088663265,-4.9506774,16.095348,5
0.52129227,-4.2927356,15.023135,5
-0.2336038,-4.94232,16.914576,4
-1.0854322,-4.42458,17.628881,6
-1.0493038,-3.9080713,18.47061,3
0.104499795,-4.2411785,14.698203,3
0.39564407,-4.3411474,14.887841,5
-0.38143182,-3.9259248,17.597372,10
0.6227229,-4.101572,15.165822,4
0.84449327,-3.9208877,15.290285,5
-1.0995101,-3.649184,17.371136,6
-1.0854322,-4.42458,17.628881,7
-1.1190248,-3.494151,16.703348,6
-0.58729106,-4.2624836,17.858892,8
-14.883082,4.237597,-4.885213,6
-0.43917528,-3.9899416,18.203444,7
0.772507,-4.071134,15.1953335,4
0.79836166,-3.9315455,15.253834,5
-1.0011252,-3.6011994,17.288622,5
-1.0854322,-4.42458,17.628881,6
-0.40168673,-3.7186198,17.730124,9
-0.58418494,-4.1698823,17.964409,8
-0.4623195,-4.327121,17.683336,7
0.10450012,-4.241178,14.698202,4
0.9036846,-4.0168824,15.219308,4
0.8510137,-3.9203186,15.285393,5
-1.0766512,-3.5123227,17.524366,6
5.6931167,9.096619,11.902973,3
5.502768,8.7904625,11.830492,2
6.4301667,8.905023,10.540068,2
6.288214,8.896175,12.261993,0
5.7791348,8.452854,10.480994,6
5.768974,9.905687,10.719889,5
5.6902847,8.53543,11.844056,10
5.3925004,8.901021,9.629962,2
5.612091,8.72109,10.452482,3
5.7834196,8.498862,10.62883,6
5.7834196,8.498862,10.62883,6
4.5392323,9.03145,11.925468,3
5.5235295,8.195356,10.590578,5
5.995772,8.227787,10.69425,1
5.6089616,8.465107,11.827124,6
6.4366646,7.555278,10.071887,4
5.378623,8.346061,11.765272,6
5.8234835,7.7739797,11.933671,3
5.5549855,8.44618,11.892943,4
4.2492385,8.912751,11.162884,0
5.339196,7.7243075,11.089404,5
4.7641106,8.788791,11.89353,4
5.1617503,7.9696465,10.983775,5
4.7624216,7.7759156,12.397315,3
6.210413,8.043803,10.871039,3
6.179619,8.580786,10.7881565,6
5.917171,8.471367,10.689326,5
5.645834,8.433235,11.88708,5
5.8118505,9.860133,10.749156,2
5.803708,9.859029,10.7589245,4
4.986371,8.429764,11.633893,4
5.777356,8.474797,10.61908,6
5.943306,8.48345,9.93859,3
5.12534,8.204866,12.195634,3
6.0499997,8.013109,12.099692,4
7.0453777,8.397356,10.178239,3
4.5033917,7.877946,10.230447,3
4.8001423,8.01074,11.202015,3
4.0197434,-6.3993545,-6.6978464,4
4.0185056,-6.4002876,-6.700285,4
4.021103,-6.397931,-6.6963577,3
4.020545,-6.3992143,-6.697485,4
4.020551,-6.39842,-6.697008,4
4.0204415,-6.398403,-6.69704,10
3.2582955,-11.138257,-7.584504,10
3.003232,-10.250768,-7.2800064,10
2.9835806,-11.943282,-8.066075,10
2.936377,-11.935308,-8.649617,10
3.0079882,-10.385003,-7.108683,9
2.9965932,-10.323469,-7.3979583,9
2.7734878,-11.391046,-7.4614573,9
2.3453844,-11.925336,-8.687494,9
3.4875054,-11.64374,-8.220649,8
2.9983351,-10.256195,-7.354048,8
3.0079298,-12.401929,-8.028252,8
2.4179108,-12.041791,-8.780236,8
3.2206104,-10.995698,-7.4905477,7
2.9990642,-10.470151,-7.657409,7
3.0351067,-12.510473,-8.077727,7
2.388013,-12.504162,-9.08369,7
3.3461053,-11.228854,-7.7781744,6
2.9955678,-10.470114,-7.6458683,6
3.0563421,-12.5230255,-8.099914,6
2.3777816,-12.512472,-9.081632,6
3.34005,-11.197654,-7.7454205,5
3.0127368,-10.446324,-7.649757,5
3.0967295,-12.55559,-8.110107,5
2.386101,-12.550569,-9.083984,5
4.0718365,-12.105155,-8.809608,4
3.0969808,-10.705432,-8.1247015,4
3.070667,-12.444474,-8.009023,4
2.4097052,-12.575206,-9.099582,4
4.0939016,-12.110658,-8.823443,3
3.1099586,-10.697233,-8.148603,3
3.0885978,-12.479949,-8.014517,3
2.4125164,-12.602024,-9.124182,3
4.0288715,-11.953166,-8.673887,2
3.5459516,-11.429673,-9.153313,2
3.4047687,-13.205313,-8.561847,2
2.7392256,-12.72709,-9.23113,2
4.366963,-13.013651,-9.554001,1
4.4196725,-13.02654,-9.643695,1
4.2552423,-13.176315,-9.568562,1
4.278013,-13.153188,-9.622231,1
-11.395628,-8.742992,3.4569454,10
-11.5095,-8.781704,3.2623014,10
-11.520934,-8.797315,3.2572994,10
-11.664873,-8.732715,3.9854386,10
-11.351163,-8.689592,3.4868891,9
-11.4659,-8.864719,3.158723,9
-11.470237,-8.862734,3.129631,9
-11.650786,-8.727402,4.0120354,9
-10.724081,-8.660826,4.699145,8
-10.915463,-9.066002,3.7701395,8
-10.824686,-9.01624,3.7887917,8
-11.853878,-8.944837,3.9324727,8
-10.731704,-8.667648,4.7278333,7
-11.017447,-10.339061,3.9482858,7
-10.554845,-10.307362,3.9794562,7
-12.551303,-9.810311,4.173618,7
-10.734253,-8.66846,4.719762,6
-10.998809,-10.384382,3.7843108,6
-10.307078,-10.444646,3.6712685,6
-12.6018095,-9.806752,4.172925,6
-10.488799,-8.828473,4.9110765,5
-10.987741,-10.423803,3.7743847,5
-10.309034,-10.442651,3.6454287,5
-12.623081,-9.8159075,4.1821985,5
-10.484189,-8.830095,4.911181,4
-10.980958,-10.423403,3.7884924,4
-10.291265,-10.4378395,3.57992,4
-12.65131,-9.815299,4.184927,4
-10.489699,-8.830649,4.8974915,3
-10.968401,-10.486565,3.7819717,3
-10.298061,-10.503741,3.5780032,3
-12.665976,-9.79782,4.184486,3
-10.366098,-8.8094015,4.899706,2
-10.479883,-9.243659,3.6055198,2
-9.704839,-9.979709,2.9452987,2
-12.598098,-9.908505,4.29423,2
-10.184392,-8.724745,2.501569,1
-9.960884,-9.035974,2.2470672,1
-9.794532,-9.340026,2.3469844,1
-12.977214,-8.78575,4.076179,1
3.2856321,-2.373499,-12.80942,10
3.4251502,-2.1901326,-13.043443,10
3.4669669,-2.9179947,-11.592979,10
3.000767,-4.52328,-13.187862,10
3.2934163,-2.3726654,-12.818407,9
3.4479318,-2.202132,-13.000643,9
3.471385,-2.9205527,-11.587059,9
3.0047913,-4.5247955,-13.165404,9
2.8273296,-2.3695335,-12.981344,8
3.0723374,-2.5024643,-12.4574375,8
3.0624688,-3.2010758,-11.177502,8
3.01453,-4.5325494,-13.023181,8
2.7237256,-2.3942506,-12.898425,7
2.6711018,-1.9384352,-12.234511,7
3.0408797,-3.2527578,-11.093686,7
2.9616063,-4.5273037,-13.175218,7
2.7629902,-2.4926217,-12.762688,6
2.696173,-2.206572,-11.952719,6
3.0427248,-3.2528863,-11.092764,6
3.0078728,-4.5517654,-12.871063,6
2.7182436,-2.4652069,-12.751282,5
2.6533895,-2.2306645,-11.953324,5
3.0226524,-3.2753468,-11.082653,5
2.9980407,-4.6247745,-12.825273,5
2.273528,-2.639129,-12.697791,4
2.5278077,-2.122569,-12.069619,4
3.0014892,-3.2906363,-11.0678,4
2.9543493,-4.6278114,-12.908777,4
2.2340157,-2.6548111,-12.660136,3
2.5004377,-2.2313933,-11.988355,3
2.9902213,-3.305423,-11.043041,3
2.9454026,-4.6323824,-12.906224,3
2.3996634,-2.925667,-11.941484,2
2.4918747,-2.4135594,-11.807847,2
2.7121797,-3.1228373,-11.576803,2
3.0290406,-4.5643764,-12.310876,2
1.4023955,-2.7517383,-12.971609,1
1.3212302,-3.62175,-14.177036,1
1.7723062,-3.219362,-13.920079,1
2.301372,-4.4673767,-13.7813835,1
5.9024696,-9.788779,-2.5477118,10
6.286889,-9.479707,-2.6555197,10
5.7169356,-9.730771,-2.3631291,10
4.3933973,-7.244453,-3.2248495,10
5.7342606,-9.544251,-2.662134,9
6.3183904,-9.513969,-2.6179802,9
5.7198114,-9.751737,-2.3508413,9
4.4254746,-7.1627445,-3.2364845,9
4.314663,-7.807798,-3.023548,8
6.372849,-9.318143,-2.2122972,8
5.6191187,-9.3966,-1.9976453,8
4.8765645,-7.297185,-3.0830827,8
4.331367,-7.8128266,-3.010361,7
6.414618,-9.25536,-2.1622097,7
5.782841,-9.659853,-1.5070684,7
4.9305425,-7.150583,-3.09413,7
4.3728766,-7.813168,-2.9912996,6
6.308092,-8.988692,-2.0920289,6
5.8150663,-9.642535,-1.3416779,6
5.095447,-7.2270536,-3.0279129,6
4.35817,-7.8032527,-2.9971406,5
6.67908,-9.358998,-1.8338833,5
5.6826315,-9.448216,-1.41729,5
5.113816,-7.2099133,-3.0279553,5
5.141328,-8.695088,-2.508702,4
6.6962724,-9.353281,-1.7893145,4
5.686788,-9.384219,-1.3321304,4
5.1708283,-7.2169905,-3.020059,4
5.1582704,-8.710086,-2.4890974,3
6.745683,-9.164961,-1.8607107,3
5.537533,-9.155833,-1.4577464,3
4.955035,-7.0368233,-3.125063,3
4.6882734,-8.015689,-2.8378868,2
6.8484015,-9.228958,-1.8074347,2
5.471452,-9.047381,-1.4549363,2
5.113462,-7.156744,-3.0480344,2
7.4122767,-8.430169,-2.3843863,1
7.523145,-8.164959,-2.4382215,1
7.340951,-9.265467,-2.3559904,1
7.100693,-7.935119,-2.543635,1
-11.677729,-6.7052703,-1.6163962,10
-11.284914,-6.7347984,-1.5439204,10
-12.274494,-6.925756,-2.839154,10
-10.982213,-7.742557,-1.9041216,10
-11.475974,-6.70416,-1.5831207,9
-11.697828,-6.732636,-1.6224374,9
-12.30806,-6.8833437,-2.8531952,9
-10.946762,-7.7605815,-1.9026003,9
-12.281185,-6.786254,-1.6707112,8
-12.255133,-6.8189025,-1.6843685,8
-12.37089,-7.3135967,-2.9584763,8
-10.788627,-8.059976,-1.8847486,8
-12.839391,-6.868917,-1.635546,7
-12.606534,-6.912666,-1.6821401,7
-12.733585,-7.3370504,-2.957034,7
-10.799604,-8.092436,-1.8704798,7
-12.981187,-6.834377,-1.5417773,6
-12.680117,-6.9774885,-1.6753454,6
-12.758506,-7.3322124,-2.986908,6
-10.795099,-8.109794,-1.8600384,6
-12.988136,-6.85837,-1.5386457,5
-12.688902,-7.189991,-1.6978328,5
-12.766455,-7.3632526,-2.9860616,5
-10.799174,-8.113141,-1.8204422,5
-13.61822,-7.259762,-1.1961801,4
-13.088916,-7.452261,-1.4884957,4
-12.779291,-7.5223126,-2.9889944,4
-10.710456,-8.234877,-1.6740347,4
-13.834113,-7.32851,-1.0861331,3
-13.058361,-7.468748,-1.4874595,3
-12.8063345,-7.591621,-3.017405,3
-10.61105,-8.352382,-1.6856153,3
-13.990587,-7.344039,-0.9984106,2
-13.085398,-7.354143,-1.4377823,2
-12.599103,-7.740319,-3.0300705,2
-10.6057825,-8.387901,-1.6307805,2
-10.550463,-8.211498,-0.4857906,1
-12.450036,-7.798349,-0.9541888,1
-12.698266,-8.418883,-3.1996813,1
-11.776458,-8.465943,-1.444497,1
-15.935339,1.6078881,6.2008595,10
-16.02271,1.6514015,6.1291137,10
-16.746943,0.9029063,6.6077476,10
-15.441373,0.5222664,6.933648,10
-15.928898,1.6127657,6.201013,9
-16.016565,1.6692926,6.156972,9
-16.756742,0.89151925,6.6182528,9
-15.449499,0.5091407,6.918256,9
-15.95508,1.4608998,5.912101,8
-16.140877,1.6486744,5.944224,8
-16.91677,0.7057538,6.503404,8
-15.265939,0.25803062,6.891206,8
-15.748919,1.2547461,5.386915,7
-16.304459,1.5031126,5.6979113,7
-17.020027,0.432049,6.263292,7
-15.213492,-0.12218027,6.7139463,7
-15.660982,1.3057837,5.302966,6
-16.357397,1.5548902,5.718492,6
-17.046518,0.38063127,6.285739,6
-15.196766,-0.16044453,6.7281623,6
-15.623552,1.2987874,5.2891088,5
-16.707926,1.9287317,5.427385,5
-17.050846,0.36646098,6.2736163,5
-15.180418,-0.17003396,6.7154865,5
-15.309237,1.2919923,5.099715,4
-16.744417,2.0249407,5.351548,4
-17.132807,0.26995578,6.2369876,4
-15.181264,-0.1861046,6.6898947,4
-15.296616,1.3006717,5.0922437,3
-16.741419,2.0719116,5.316073,3
-17.398588,-0.17115101,6.1271377,3
-15.1598215,-0.20288464,6.68037,3
-15.208515,1.4971344,5.1533504,2
-16.583292,2.223254,5.290448,2
-17.483551,-0.30891284,6.099109,2
-15.08082,-0.34221533,6.635582,2
-15.24316,2.5311124,5.9109907,1
-15.24508,2.5545044,5.9166884,1
-15.503263,2.2994688,5.930732,1
-14.7914505,0.22346228,6.753045,1
-2.5699272,-5.211578,0.18923888,10
-3.231802,-5.3235893,0.5714328,10
-2.315897,-5.3856153,1.1676458,10
-2.1801608,-5.4271884,1.3000269,10
-3.2318096,-5.323585,0.5714447,9
-3.5581863,-5.302431,0.72834295,9
-3.35311,-5.591301,0.6268441,9
-3.5394554,-5.343226,0.8476435,9
-3.2259471,-5.3038225,0.5914241,8
-2.37998,-4.7137218,0.54657394,8
-3.8182504,-6.5641394,0.44240206,8
-3.0975823,-5.1846685,0.9881576,8
-3.1077995,-5.720144,1.075415,7
-3.259902,-5.6304455,0.7312136,7
-3.1283138,-6.131509,1.2245842,7
-3.6789305,-4.982919,0.3711546,7
-3.469359,-5.8226376,1.350331,6
-3.8222892,-5.7590623,1.2983978,6
-3.8222892,-5.7590623,1.2983978,6
-3.2251482,-5.2555857,-0.6159533,6
-3.747666,-5.564631,0.6964286,5
-3.3201525,-4.770306,0.08188448,5
-3.2519252,-4.731703,-0.11365639,5
-3.438791,-5.631495,1.6070995,5
-3.4343889,-4.5831785,0.14200506,4
-3.470836,-4.6089954,0.7842016,4
-4.049982,-5.1938243,1.8140161,4
-3.6000674,-4.8764305,1.4903568,4
-3.12996,-6.071755,-0.7742979,3
-3.679311,-6.426746,-0.83178365,3
-2.8767521,-6.1716304,-0.94297534,4
-2.934169,-6.220768,-0.9169915,3
-3.876799,-6.557442,-0.7413254,2
-4.0126367,-6.664038,-0.92307544,2
1.5852635,-2.2906544,-1.564399,2
-3.4611995,-4.3903317,0.3022419,2
-0.007100597,-6.2407875,-0.7558334,1
1.2689221,-5.372158,-1.2390038,1
2.0031743,-4.6363254,-2.306988,1
4.0911226,-3.2252302,-0.9102046,1
5.4443135,-2.712571,-4.770284,10
4.107714,4.046519,2.1401355,10
4.078073,2.7093725,0.50717425,10
3.997098,3.362533,1.5062052,10
4.2478275,4.008726,2.0925725,9
4.137099,4.3086734,2.2039635,9
4.1088486,4.5274935,2.3268425,9
4.31313,3.8553338,2.0357,9
3.8861897,4.4897685,2.3618488,9
4.494186,3.4603078,1.9830198,8
5.2253704,2.7600446,1.6783594,8
5.334647,2.92104,1.6056099,6
4.479105,3.6449132,1.9541583,6
4.9653354,4.2609415,1.9755584,7
5.084558,3.045587,1.7180698,7
4.7340117,3.3432891,1.8355967,7
3.57545,4.4112005,1.862149,7
4.9635797,3.2145905,1.8136634,6
5.3869786,2.574358,1.6421379,6
3.7641525,3.7812667,2.0953565,6
5.7730107,2.1885486,1.497596,8
5.0768013,2.8837466,1.7489978,5
3.9910765,4.1012096,2.6915877,5
4.71939,4.703445,2.2670581,5
3.8851817,3.3496625,3.4285517,5
4.3899484,4.5631833,1.5623864,4
4.107714,4.046519,2.1401355,4
5.5467544,3.556472,1.513226,4
4.4922647,4.0373297,2.6924472,4
4.2747936,4.413366,3.6485643,3
4.2747936,4.413366,3.6485643,3
3.8669398,3.4211166,3.4701545,3
3.8915439,3.5428476,3.5284283,3
4.014512,2.5762708,0.24024968,2
4.0119658,2.495197,0.14836654,2
4.1415014,0.9193041,-0.8851144,2
4.1376224,0.9056874,-0.89083993,2
-0.007100597,-6.2407875,-0.7558334,1
1.2689329,-5.372162,-1.2390008,1
2.0031743,-4.6363254,-2.306988,1
4.0911226,-3.2252302,-0.9102046,1
8.917287,-0.032960225,1.0926638,10
9.800465,-0.4926161,2.0649743,10
11.634007,0.004079519,2.6586235,10
12.040984,-0.28766158,2.0733263,10
9.8630495,-0.53181547,2.1219344,9
9.408228,-0.3429213,1.7452521,9
10.974711,-0.046874423,2.5824077,9
11.526439,-0.3390557,1.9174979,9
12.323147,-0.77216595,3.0572705,8
9.690115,-0.3605978,1.8440418,8
11.340357,0.026576549,2.6577363,8
11.622482,-0.33615154,1.9219966,8
12.012723,-0.6483991,3.6161156,7
11.846636,-0.52818865,4.072898,7
10.551501,-0.09654343,2.4691532,7
10.982637,-0.20736176,2.4062748,7
8.917287,-0.032960232,1.0926638,6
9.645325,-0.5142252,2.0187514,6
10.020182,-0.22802232,1.8128735,6
11.700575,-0.22940454,2.276914,6
10.436873,0.17583805,0.55440813,5
10.162319,-0.55601805,2.4901805,5
11.52006,0.47722706,3.4836338,5
12.010246,-0.28680924,2.2161727,5
7.999991,-0.57451546,0.98693866,4
12.405795,-0.84515184,3.1662881,4
12.391631,-0.08950149,2.963931,5
12.053544,-0.34436336,2.0747516,4
7.982714,-0.5918522,0.9956624,3
7.740299,-1.022152,1.2447695,3
11.442066,0.09129278,3.4711754,3
12.048263,0.1763241,4.104348,3
10.445208,0.22410943,0.4173662,2
12.105756,-0.4577141,4.328765,2
12.092246,0.18797813,4.1256166,2
11.67148,-0.3094965,2.25591,2
-0.007100597,-6.2407875,-0.7558334,1
1.2689329,-5.372162,-1.2390008,1
2.0031743,-4.6363254,-2.306988,1
4.0911226,-3.2252302,-0.9102046,1
5.4443135,-2.712571,-4.770284,10
9.417389,-1.8463343,3.4617875,10
9.967362,-3.0509503,3.4762368,10
6.805903,-1.8931842,3.3401144,9
6.805916,-1.8932171,3.3401158,9
9.555327,-1.9272563,3.7549548,9
9.3895235,-1.7669632,3.3372383,9
9.9698,-3.0559201,3.4707909,8
10.310297,-2.1639829,5.42179,8
10.317989,-2.165003,5.43475,8
10.317989,-2.165003,5.43475,8
6.7724924,-1.7222027,2.9154174,7
9.410067,-1.8387979,3.4492686,7
9.417232,-1.8470714,3.4399774,7
10.020537,-3.1060395,3.5837672,7
6.74877,-1.770989,3.031267,6
10.223401,-2.1573231,5.250628,6
9.80867,-2.0342607,4.5003896,6
9.889662,-2.8387632,3.483293,6
6.784409,-1.7156615,2.8996942,5
9.671085,-2.0911427,4.2461925,5
9.557701,-1.991407,3.9127188,5
10.065763,-2.934097,3.9699225,5
10.0052805,-3.1113832,3.5149486,4
9.726171,-2.164516,4.3991694,4
9.490401,-1.9419638,3.729817,4
6.840329,-1.8192617,3.1726034,4
6.668296,-1.7120734,2.870861,3
6.948787,-1.9770983,3.5504339,3
9.350901,-1.7484905,3.271664,3
10.0325575,-3.186609,3.529197,2
10.08849,-1.9129826,5.3282113,2
9.973328,-1.866997,5.3595915,2
6.6916704,-1.6849271,2.7999063,2
-0.007100597,-6.2407875,-0.7558334,1
1.2689329,-5.372162,-1.2390008,1
2.0031743,-4.6363254,-2.306988,1
4.0911226,-3.2252302,-0.9102046,1
5.4443135,-2.712571,-4.770284,10
-2.2872634,-2.4980848,-6.0043974,10
-1.3711226,-2.0734363,-4.780151,10
-1.8456177,-2.8573735,-4.7037635,9
-2.861266,-2.4956315,-6.1895456,9
-2.3859527,-2.4168735,-6.1752005,9
-1.4668999,-2.074262,-4.893949,9
-1.7035513,-2.6063945,-4.632186,8
-2.6760752,-2.4541035,-5.827866,8
-1.8233299,-2.459004,-5.4033723,8
-1.4137466,-2.095309,-4.8565164,8
-1.6782151,-2.5569365,-4.7187114,7
-2.692242,-1.4274288,-6.2055163,7
-2.2538726,-2.517151,-5.9048195,7
-1.0876592,-2.0140777,-4.508713,7
-2.1841648,-2.9392235,-4.8176756,6
-2.681358,-1.4363323,-5.9605403,6
-2.421656,-2.4631107,-6.1124825,6
-1.4230425,-2.0772524,-4.85858,6
-2.1397104,-3.475874,-5.5907784,5
-2.7716706,-1.4843826,-5.406991,5
-2.2276857,-2.4771752,-5.9672556,5
-1.4159412,-2.0943954,-4.842485,6
-2.2396362,-2.2071416,-5.959541,4
0.1964712,-2.0647283,-5.483149,4
-2.6196675,-2.4972937,-6.121046,4
-2.1017315,-1.978062,-5.4048443,4
-3.0483453,-2.4575057,-5.986987,3
0.08379814,-2.0604882,-5.6216664,3
-3.183631,-2.4795644,-5.801367,3
-3.090333,-2.4604623,-5.5787706,2
0.157764,-2.0629678,-5.514321,2
-3.94851,-1.6720285,-6.0331416,2
1.626824,-2.299114,-1.4678581,2
-3.0951314,-2.0319097,-5.5556746,1
-0.007100597,-6.2407875,-0.7558334,1
-3.9720101,-1.6188428,-5.964746,1
2.0031743,-4.6363254,-2.306988,1
5.4443135,-2.712571,-4.770284,10
-2.2915907,-1.6881466,9.873273,10
-2.8159432,-1.8453878,9.612894,10
-2.8247304,-1.8281602,9.548706,10
-0.40533552,-1.6193899,9.615275,9
-2.1534672,-1.7461874,10.064722,9
-1.872202,-0.61721736,9.155081,9
-2.8527002,-0.5815417,9.651166,9
-0.28069893,-1.3036981,8.973116,8
-1.555608,-1.6057392,10.437757,8
-1.902452,-0.6726276,9.12417,8
-2.53982,-0.7044896,9.29992,8
-0.16865507,-1.3118068,8.844195,7
-1.8177085,-0.6243448,9.635213,7
-1.7245268,-0.3253654,9.3568535,7
-2.7179532,-1.3518575,9.4377,7
-0.10916982,-1.3228551,8.78649,6
-1.5258468,-1.6326349,10.459306,6
-1.8297349,-0.46776003,9.214863,6
-2.4980276,-0.18522817,8.398107,6
1.7901524,-1.8255934,-0.2986665,5
-1.6261489,-1.6431181,10.41537,5
-2.2397785,-0.123635575,9.058384,5
-2.501021,-0.42075256,9.167942,5
1.7780038,-1.8305235,-0.27269894,4
-1.5293952,-1.6207141,10.5114155,4
-2.4412234,0.09642676,9.352272,4
-2.369466,-0.527197,9.043997,4
1.8101664,-1.9299647,-0.519036,3
-1.8875016,-0.6248951,9.202527,3
-1.8958148,-0.7941658,8.58634,3
-2.439939,-0.2030535,9.165805,3
1.8034143,-1.9737161,-0.6307208,2
-1.669706,-0.7382835,8.786495,2
-1.8314201,-0.90105903,8.541579,2
-2.3142822,-0.21834375,9.05809,2
-0.007100597,-6.2407875,-0.7558334,1
1.2689207,-5.3721476,-1.2390027,1
2.0105944,-4.627337,-2.3164923,1
4.0911226,-3.2252302,-0.9102046,1
14.200032,-2.9390388,-5.7170506,10
12.933708,-3.2974317,-6.052479,10
13.293683,-4.3013625,-4.5559106,10
13.506789,-4.5993347,-6.4370823,10
13.6643715,-2.7943249,-6.01143,9
12.967177,-3.1940668,-6.2780333,9
13.497368,-4.499975,-4.4515553,9
13.55995,-4.656274,-6.5078588,9
14.134577,-2.9249437,-5.737209,8
12.95417,-3.2195277,-6.2979894,8
13.440207,-4.451954,-4.474077,8
12.997001,-4.4656343,-6.2010174,8
14.212963,-2.920624,-5.7356453,7
12.763049,-3.2077808,-6.2582827,7
13.127748,-4.166812,-4.5670457,7
13.389261,-4.6710253,-6.505489,7
14.198441,-2.9382222,-5.7158217,6
12.832709,-3.2938366,-6.0411353,6
13.386121,-4.3911963,-4.537284,6
13.247197,-4.589317,-6.442099,6
12.40026,-2.6072888,-4.7939086,5
11.688705,-2.967044,-4.9413276,5
11.524957,-2.6937535,-4.5783377,5
13.189928,-4.554394,-6.359456,5
13.826049,-2.9111955,-5.5304694,4
12.420865,-3.3144896,-5.713228,4
13.520758,-4.5288935,-4.489663,4
13.513752,-4.550444,-6.3907256,4
13.201002,-2.782469,-5.252522,3
12.7598915,-3.3125396,-5.9900417,3
13.101397,-4.2620316,-4.451004,3
12.967343,-4.380952,-6.183108,3
11.505804,-2.7532947,-4.720107,2
11.452359,-2.9259496,-4.87041,2
12.816902,-3.945605,-4.574825,2
13.869959,-4.4598174,-6.2530246,2
11.13965,-2.6411536,-4.6137195,1
11.567432,-3.4909291,-5.4069614,1
13.439578,-4.782803,-3.9618185,1
11.555197,-3.7986739,-5.551497,1
-6.2394204,-1.0402664,0.62243885,10
-5.4808283,-0.7921274,1.9181211,10
-5.831294,0.52485687,-0.62677777,10
-4.7824445,0.9344446,0.89582676,10
-6.3662696,-1.0635228,0.6240848,9
-6.366076,-1.0639292,0.6232584,9
-5.8470674,0.521021,-0.6398549,9
-4.8764486,0.9924492,0.96327364,9
-6.3655577,-1.0634406,0.6238488,9
-5.4015,-0.8935043,2.4348938,8
-5.8386407,0.5427791,-0.6438845,8
-4.7953615,1.1545856,1.131634,8
-6.2961316,-1.0813947,0.6181991,7
-5.4101634,-0.88750315,2.4222622,7
-5.838562,0.5725506,-0.6708387,7
-4.794425,1.1632576,1.1346258,7
-6.0069137,-0.37977108,0.8313591,6
-5.361576,-0.9172625,2.4297216,6
-5.8293357,0.56245464,-0.7526032,6
-4.4759307,0.8868955,0.6559333,6
-6.2393928,-1.040298,0.6224338,5
-5.3992805,-0.8974213,2.4400265,5
-5.864694,0.5742999,-0.71597064,5
-4.444683,0.88254464,0.6382127,5
-6.558224,-1.258893,0.72865206,4
-5.6940665,-0.4902171,1.8263054,4
-5.864244,0.5710646,-0.6428993,4
-5.1360474,1.2039098,1.3347771,4
-6.011741,-1.7538874,0.4945231,3
-4.639682,-1.4935592,1.739752,3
-4.7070713,-0.8229934,0.023545448,3
-5.0530043,0.98916215,1.0650018,3
-1.9839197,-1.4854693,-0.92712605,2
-4.664495,-1.4790314,1.7931701,2
-4.756019,-0.78484845,0.063389346,2
-5.2607894,1.219927,1.4300025,2
-1.9944596,-1.4684386,-0.9264769,1
-6.0071125,-0.22621596,1.2609806,1
-4.742329,-0.73685855,0.06540593,1
-2.0636308,-1.4436024,-0.89597875,1
2.9320016,-10.860102,7.5287457,10
2.70337,-11.340158,7.5850215,10
2.8456554,-10.255707,6.748746,10
2.2586694,-11.024597,6.858094,10
3.4731655,-10.448973,6.7544293,9
2.7686934,-11.252833,7.372976,9
2.8179088,-10.286282,6.888032,9
2.3027153,-11.028843,6.777442,9
3.5594869,-11.067329,7.660962,8
2.813765,-10.651918,7.624869,8
2.8256986,-10.454373,7.49249,8
2.1474657,-11.229964,6.9566526,8
3.4571087,-10.549261,7.01361,7
2.7163804,-10.840151,7.825908,7
3.1458523,-10.0074625,6.191029,7
1.6119981,-10.310872,7.144478,7
3.5862756,-10.8956,7.572596,6
2.861221,-11.6644,7.655981,6
2.7310216,-10.282045,7.0515437,6
1.366693,-10.917997,7.85039,6
3.672206,-11.265627,7.6372676,5
2.9570334,-11.373108,7.3085394,5
2.9129539,-11.393071,8.900124,5
2.3406792,-10.244708,7.7665973,5
0.9378577,-9.181826,6.9276285,4
3.4778032,-10.53362,8.121667,4
2.9039311,-11.375999,8.884176,4
4.146348,-9.920197,8.004336,4
1.2932701,-9.850702,7.2785177,3
2.9129539,-11.393071,8.900124,3
3.4148238,-10.021316,7.509665,3
2.257567,-11.0244055,6.859881,3
1.641701,-10.059442,7.3124976,2
3.4381895,-9.762471,5.816584,2
2.5527647,-10.330396,8.244521,2
3.503226,-10.689027,5.873275,2
3.464253,-12.201975,7.3330035,1
3.152262,-12.380127,7.290284,1
3.8927422,-9.559508,8.028596,1
1.2947255,-10.228334,7.4231505,1
14.255056,6.393378,0.65883154,10
15.598062,6.246867,1.5188011,10
14.072851,6.2494125,0.468017,10
15.203668,7.281581,0.3535634,10
15.091448,6.961184,0.8009517,9
15.729383,6.3657403,1.4952753,9
14.961425,6.9059453,-0.041042782,9
15.424966,7.368686,0.32069337,9
15.058084,7.054268,0.92439175,8
14.476504,5.8602924,1.1545953,8
14.290139,6.458517,0.1697876,8
14.970749,7.3213453,0.3352857,8
15.086391,7.0389447,0.7615292,7
16.083715,6.3299856,1.8723614,7
14.489229,6.3915777,0.26210862,7
15.487738,7.2396994,0.3170229,7
15.11043,7.2057343,1.0198313,6
15.731721,6.326502,1.5020552,6
14.932035,6.538183,0.16863334,6
14.46568,7.3244276,0.31135085,6
15.991526,6.7685337,0.3160052,5
16.353477,6.4827623,2.1109514,5
14.371452,6.4671044,0.32040778,5
15.921602,7.5984735,0.25751233,5
15.555363,8.126484,1.3451955,4
16.337227,6.465994,2.1042938,4
15.21231,6.4259124,0.3856854,4
15.86464,7.991716,0.18731649,4
14.421817,6.852529,1.3432715,3
15.71043,5.6522737,2.0566118,3
15.824982,6.374692,0.0256754,3
13.865495,7.817859,-0.1588166,3
13.819794,6.2473187,0.6265786,2
16.323961,7.082201,1.6785282,2
13.996508,6.5995874,-0.45943153,2
13.595975,7.173234,-0.039650306,2
14.943386,7.636358,1.6769625,1
16.145071,6.0203047,-0.4043517,1
13.130802,6.488497,-0.5029716,1
13.055777,6.8997383,-0.09674366,1
7.628645,4.2515545,-9.36453,10
8.374749,4.774312,-9.468164,10
7.9925804,5.372826,-6.154176,10
7.6279964,6.1345806,-9.108577,10
7.724485,4.318342,-9.417225,9
8.3501425,4.727684,-9.480243,9
8.061944,5.6579213,-6.345134,9
7.596233,6.2860284,-9.005583,9
7.6707826,4.2708573,-9.344427,8
8.6172905,4.927559,-9.617205,8
8.126881,5.671942,-6.348293,8
7.539009,6.568114,-8.770451,8
7.6552243,4.2610993,-9.366134,7
8.840131,4.245305,-8.559268,7
8.029424,5.8399186,-6.502769,7
7.5483184,6.5110636,-8.859664,7
7.632032,3.6176484,-8.527393,6
8.759111,4.9913726,-9.281264,6
8.159446,5.8021846,-6.4167686,6
7.528602,6.6095195,-8.74253,6
7.688495,4.3354855,-9.405918,5
8.729167,4.187015,-8.539905,5
8.096057,5.705381,-6.4128246,5
7.49,6.7314153,-8.526769,5
7.290144,3.9192975,-9.116136,4
8.784156,5.037366,-9.542433,4
8.164069,5.534915,-6.2460737,4
7.4833684,6.7631187,-8.49089,4
7.5866957,4.13479,-9.198217,3
8.892244,5.0089364,-9.4018755,3
8.175019,5.8997726,-6.4610457,3
7.8958535,5.391004,-9.1508465,3
7.4315214,3.523976,-8.606077,2
8.582515,3.9590945,-8.23459,2
8.426644,5.1252265,-5.868124,2
7.457088,5.6011066,-10.072255,2
8.226401,3.6283329,-7.943495,1
9.083001,5.042187,-9.393103,1
8.430974,4.9713387,-5.861304,1
7.474381,5.662021,-10.009108,1
-1.0716791,4.987904,-5.3022165,10
-0.82255375,6.2185583,-5.2536163,10
-1.4636607,4.9887123,-3.3782754,10
-2.9024746,6.7313294,-4.9655304,10
-0.9898188,5.0462613,-5.2541385,9
-1.1355629,6.146609,-5.5724587,9
-1.5027757,4.9854293,-3.3932865,9
-2.8955524,6.741955,-4.966592,9
-0.78856844,5.0988517,-5.139502,8
-0.73755646,6.242112,-5.2439575,8
-1.462708,5.0035343,-3.432612,8
-2.8010132,6.7306404,-4.9535084,8
-0.9817586,5.064919,-5.2533913,7
-0.9000282,6.350898,-5.471406,7
-1.6953286,5.0134983,-3.4117882,7
-2.8353176,6.697439,-4.9690804,7
-0.7613785,5.009549,-5.120062,6
-0.92715985,6.3697834,-5.961628,6
-1.38162,5.01271,-3.403637,6
-2.560999,6.710798,-4.9069233,6
0.38212878,5.6561756,-4.5261235,5
-0.70283484,6.2691865,-5.1565814,5
-1.2848202,4.9900513,-3.2176602,5
-2.73946,6.69681,-4.9286823,5
-0.660753,5.09828,-5.1018267,4
0.5084789,5.7546854,-4.170921,4
-1.0715078,5.2433305,-3.568278,4
-1.6356608,6.532195,-4.753081,4
-0.22985788,5.5174203,-4.729593,3
-0.5238432,6.507471,-4.7297916,3
-0.27088183,5.8769774,-3.7952769,3
-3.1495335,6.808949,-4.972054,3
-0.057289403,5.3412795,-4.777534,2
0.08132978,6.027604,-4.5339437,2
0.23431736,5.596027,-3.5778847,2
-0.3383578,6.0828414,-4.079571,2
-0.113695554,5.3241897,-5.559556,1
-0.72956926,6.91584,-5.628576,1
-1.2834054,4.9332595,-2.902667,1
-1.7406062,7.1125054,-4.755505,1
